amp_100.0	0	20ad8b7df58b2010de65bb9300eaef159abf
amp_100.0	1	248dc06d44832cd11f71395e009be31d1e3f
amp_100.0	2	308d827d55c334a19d755bdc10bae20d3c3f
amp_100.0	3	30adcb69d48934409f6df996149beb05d8bf
amp_100.0	4	30ad827d15c334819f757bde10bae20d5c3b
amp_100.0	5	248dc56d24832cc11e71395b00cbe71d5e3f
amp_100.0	6	308dcd69a4cb3040df6db9d214dbee1dd83f
amp_100.0	7	308d807d15833081de753b9e10aae3151cbb
amp_138.2	0	60bd95e804b32cc17f342d75cf935e030f2f
amp_138.2	1	65fdcdfdd5be0e532e12ff69c3c3f51de803
amp_138.2	2	658d81e944e22fe17d326d35cb937f1b4e2f
amp_138.2	3	60fd9be8d4be3c117b14af7def925403e923
amp_138.2	4	75bdc0fd15b33ea12c325f62d3c2ff1d0c0b
amp_138.2	5	658d87e914e32fc17f326d35cb937d1b6e2f
amp_138.2	6	60dd9cfce5be0073bd1cafbdcfb3521bc821
amp_138.2	7	61bd85e904a32fc17f362d75cf937f030f2f
amp_191.0	0	20fd8aa8c4ae7e015b148b7fef9e74406913
amp_191.0	1	3cad42b015727f814e301b67d38eff468dbb
amp_191.0	2	30bd8fac84aa72609d2ce9b8dfff7758081d
amp_191.0	3	34dd85b855e65ed25f006b35db9f7c58ae13
amp_191.0	4	20ad84a814a26ec15f340977cf9f7f408f1f
amp_191.0	5	2cfd0eb4c52e4e431f108b3fcb9f75406993
amp_191.0	6	24bd87a804e36ef15d306931cbdf7f588e1f
amp_191.0	7	24cd8db8d5ef4e435f10eb3dcb9f74582813
amp_263.9	0	2cad42e054722fc54ef0156e0307f6068faf
amp_263.9	1	30fd83e854a62ea459c4277d3f167500ef03
amp_263.9	2	24bd89f885eb2e045fe0e7310b567f180a0b
amp_263.9	3	248d87e814e32ec55ff0653d0b177418ee0f
amp_263.9	4	20fd8ef8d5af0e675dd487770f177f004903
amp_263.9	5	20bdc5ec14f22fd50ef4352d0707f506af2f
amp_263.9	6	34ed85f845e61ee65dc067391b577618ce03
amp_263.9	7	309dcfe894fb3344ceecf5e41727fd1e682d
amp_364.7	0	24bd90e854e32fe55df3452b0b5757190e3f
amp_364.7	1	24dd99e8d4ee3f155bd3e7252b165d19a833
amp_364.7	2	31ad83f805b23fa54df5274d1f1657010d1b
amp_364.7	3	20bdd5ec14f22ed50ef7353d0707d4072f1f
amp_364.7	4	24fd9df8c5ef0f475fd3e7200b575f19c833
amp_364.7	5	208d96ec04a223f59dff45af0f3755196e3d
amp_364.7	6	24dd9cf8e5ef0f575fd3a7250b175b19c833
amp_364.7	7	21bd85e814b22fe54df5254d0f1754012f1f
amp_504.0	0	75ddc4bd65b75ed62ec2336d130bf35d4e13
amp_504.0	1	71ad8da994ab7f747de6a1751f1b7d43a93f
amp_504.0	2	71fd87b945a75fc67fc6237c1f1b76434f33
amp_504.0	3	75bd8ea984ea7f447fe2c1331b5b7d5ba83f
amp_504.0	4	79cd04b555665fc63fc6437f1f1b775b0eb3
amp_504.0	5	65bd83ad54e363f5bdfa21fd0b3b75432f3d
amp_504.0	6	61fd8ba9c4af7f057bd6a3752f1a7f43c933
amp_504.0	7	75ad80b905e37fa57df2433b1b5a745b2c3b
amp_696.4	0	61e98ef9d1ae4f437fd6877f8f937743c923
amp_696.4	1	65b981e950e26fe17df265318bd37c5b2e2f
amp_696.4	2	75d9c1ed40b76e802ac27765b382ff5d0e03
amp_696.4	3	61a98bf991ab6f307de6a77d8f927543ab2b
amp_696.4	4	65b985ed00e263d1bffa25f48bb37e430f2d
amp_696.4	5	65f98cf9c1ee4f437fd2c73b8bd3755be823
amp_696.4	6	698906e510626fc13ff645778f937f5b4eaf
amp_696.4	7	75d984f971e65ff27dc227359b93795b6e23
amp_962.4	0	35998fa990ea3f507fe2e13d9b9f751a683f
amp_962.4	1	35d984b961e71fd27fc223359b9f7b1ace33
amp_962.4	2	31a98da990ab3f707de6a17d9f9f7502293f
amp_962.4	3	35f986bd51e613c2bfca03f79bbf7e02cf31
amp_962.4	4	25b9c7ad10b22ee12cf2716183cffd1cae1f
amp_962.4	5	25c98db9c1ee0f537fd2e33d8b9f771a0833
amp_962.4	6	21b983a950a22fd17ff621748f9f7c02af3f
amp_962.4	7	21f98ba9c0af3f3179d6a37daf9e77024933
amp_1330.0	0	21bd85a910a22fd17fb62d750f937d42af3f
amp_1330.0	1	31ed87b941a61fe27d862f751f937e42cf33
amp_1330.0	2	31bd89add0ab3340bfaeedb91ff3755a283d
amp_1330.0	3	35dd81a940e72f807b826f353b927f5a8e33
amp_1330.0	4	21ad8bb991ab2f307da6af7d0f9275422b3b
amp_1330.0	5	21bdc4ad10f32ed12eb61d260783fe448f1f
amp_1330.0	6	35fd85b951e61fe27d826f311bd37d5aee33
amp_1330.0	7	358d8fa980ea3f507fa2ed3d1b93775a483f
amp_1837.9	0	34bd81b811e23e915fb06f391b5274592c1b
amp_1837.9	1	349d8ea890eb3e605da0cd371b137f59c81f
amp_1837.9	2	34cd84b871e71ed25f802f3d1b1371596e13
amp_1837.9	3	24bd85ac00e222e19db82dfd0b3377410f1d
amp_1837.9	4	20fdcfbcd1fe0f530e94bf240703fc47e933
amp_1837.9	5	24ad87a800e22ed15fb06d390b5377590e1f
amp_1837.9	6	24dd8db8d1ee0e635d90ef350b137d59a813
amp_1837.9	7	20bd82a850a32ed15fb40d7f0f1377410f1f
amp_2539.8	0	75cd85f951e75fc27f826b341b9f7d1b2e23
amp_2539.8	1	71bd8de980ab7f707da6a97d1f9f7603892f
amp_2539.8	2	75fd87fd51e753c2bf8a2bf51bbf7d036f21
amp_2539.8	3	75ad88e9d0ea7f707da2c93b1bdf771b882f
amp_2539.8	4	75dd81e950e66f907b826b353b9e7d1b2e23
amp_2539.8	5	71bd83f901a37fb17db62b751f9e7f030d2b
amp_2539.8	6	71adcded90fb7e402ea6b92c178ff405a90f
amp_2539.8	7	75fd85f941e75fc27f826b311bdf7f1b4e23
amp_3509.8	0	65e98badd4ee7325b99aaffdabb674026931
amp_3509.8	1	75b9c1bd05b37e852eb27f6193c6ff1c8c1b
amp_3509.8	2	659987a914e26fd57fb26d348b977d1aee3f
amp_3509.8	3	65c98cb9e5ee4f777d92af3d8b97721a4833
amp_3509.8	4	61b985a914a26fd57fb62d758f977d02af3f
amp_3509.8	5	61f98eb9d5af4f677d968f7f8f9777024933
amp_3509.8	6	65a987a914e36fc57fb26d318bd77d1aae3f
amp_3509.8	7	75d985b945e75ff67d826f359b977f1a8e33
amp_4850.3	0	75b98fa994ea7f647da2ed319b577d1ba83f
amp_4850.3	1	75d984b955e75fd67f824f3f9b17771b0e33
amp_4850.3	2	71a98da994ab7f747da6ad759f177c03a93f
amp_4850.3	3	71f9c7bd45f75ec62e863f2d9707f7054f13
amp_4850.3	4	65b981a954e26fd57fb26d388b57751b2e3f
amp_4850.3	5	65d989a9c4ef7f357992ef35ab167e1b8833
amp_4850.3	6	75a983bd15e27395bfba2ffd9b3675032d39
amp_4850.3	7	71b98ca994ab7f647da68d779f177f03893f
amp_6702.7	0	21b9c3ed54f22ed52eb63924878bfc44af1f
amp_6702.7	1	31f983e944a72f847b862b75bf9a7f42cf33
amp_6702.7	2	25a989f995eb2f347da2eb398bda755a2a3b
amp_6702.7	3	259986e914e32fd57fb249378b9b7f5ace3f
amp_6702.7	4	21d98cfdf5af0367bd9eabbd8fbb705a6831
amp_6702.7	5	21a9c5ed04f22ed52eb63925878bff448f1f
amp_6702.7	6	31f987f955a61fd67f862b749f9b7d42ef33
amp_6702.7	7	35b98fe984eb3f747da2e9399bdb775a083f
amp_9262.5	0	30f987f855a61ed65f842b7d9f1b74416f13
amp_9262.5	1	34b9cfec84bb3f740ca0f961934bff5f883f
amp_9262.5	2	30c985fc55a612d69f8c6bbc9f3b75592e11
amp_9262.5	3	20b985e804a32ec55fb4297d8f1b77410f1f
amp_9262.5	4	20f98ff8d5ae0e675d94ab758f1b7c41e913
amp_9262.5	5	24a980e854e22ec55fb0493b8b5b77590e1f
amp_9262.5	6	24d989e8d4ee3e255990eb35ab1a7d59a813
amp_9262.5	7	30b9c3fc05f33f850eb43b2d970af6470d3b
amp_12800.0	0	30d984fc75a712d69f8c2bbd9f3b70596e11
amp_12800.0	1	30b98ae8d4ab3e645da489779f1b7f41891f
amp_12800.0	2	30e983e854a72e845b842b7dbf1a75416f13
amp_12800.0	3	24b9c9fc85bb2f340ca0fb61834afe5f8a3b
amp_12800.0	4	2499c7ec14b22fd50eb0796c830bf55f6e3f
amp_12800.0	5	30e987f845a61ed65f842b7d9f1b77414f13
amp_12800.0	6	30b98de894aa3e645da4a9759f1b7c41a91f
amp_12800.0	7	34f984f855e71ed65f804b3b9b5b77594e13
