dense_60	0	f1bd80b959e27b8d3df60335df92795afdbf
dense_60	1	f19d80bd78fa66bce7fe22eadf737b641e9d
dense_60	2	e18d80996bea6b0c3ff68235cf53785afdbb
dense_60	3	f5dd85a919ae7b8d33c2227ffb537f627cb7
dense_60	4	e5ad83997aaa7b3d3df28373cb427d62bebd
dense_60	5	f1bd81b968a26f8c7ff64271df937e62ff3b
dense_60	6	f5bd87a909ae7bed37c2227bfb537d627cbb
dense_60	7	e1ad829d7aea770dfffe83f1cf727e629ebd
dense_80	0	2c8d0661001361d1c7f92dcfc8176b1a9e8f
dense_80	1	f4b4817954d2bd914be16b0de893651aee02
dense_80	2	28bd4861e01e7d510fddaf03e8f66d125809
dense_80	3	e4b5846914d7adc14ff1690dc893671aee0a
dense_80	4	3cdd4365609261908bcd6fcbf8d66712de07
dense_80	5	f435844996dfbd404ff1680dd812671a6e0a
dense_80	6	3ccd4675615351f2cdc14f89dcf76712de07
dense_80	7	f435854996debd404ff1680fd812671a6e0a
dense_100	0	f0d197f869a69fce5fc70b6ddf5756017f36
dense_100	1	e0a197e808a3affd5ff7296fcf5751013f3a
dense_100	2	f0d197f879af9fce5fc70b65df575e01ff34
dense_100	3	f4919deca8ebb36c9deb89e7db675f01993a
dense_100	4	f0c196f859ae9fce5fc72b67df575d01ff36
dense_100	5	e0b196e828a2affd5ff7096dcf5752013f38
dense_100	6	f0e192e858a6afcc5bc72b6fff5655013f36
dense_100	7	e09193e868aaaffd5df70965cf475e01bf3a
dense_120	0	b0d186b9419f9df64f852b479cd36f03ff17
dense_120	1	a0b18aa9e09fbd554f958b45ac826903b91b
dense_120	2	a08183a9409aadd54fb529478cd36e03bf19
dense_120	3	b0b182b96193bda54db50b4d9cd265037d1b
dense_120	4	a0a180a97093adc54fb5294f8cd362033f1b
dense_120	5	b0b083b9409abdb54ba50b47acd36d03bf15
dense_120	6	a4a1c8a9e0dfbd450f9dabc5ace26d03b99f
dense_120	7	a0b180a9409aadf54db509478cd36803bf1b
dense_140	0	b185823955a2ff917ff62f7ddf0e7742ed2e
dense_140	1	a595802944e2eff17df24d3fcb1f745aee2e
dense_140	2	b5a5803915e2ff917ff26f39db5e775aac2a
dense_140	3	a195862d24a2e3d1bffe6dbfcf3f745ace2c
dense_140	4	a194821956a3ef3079e6ae75ff9e7f422f22
dense_140	5	b5e5843945e7dfd27fc2cf3bdb5f7c5a6e22
dense_140	6	a595872924e2efd17ff26d3dcb0f775aee2c
dense_140	7	b1e5863955a6dff27dc62f7fdf1f7542ef22
dense_160	0	b0e5932844a6efa059c70f6dff1e5540ef22
dense_160	1	a495912844e3efc15ff36d2fcb0f5658ee2c
dense_160	2	b095913c75a2f3919fff6fa9df7e5558cc2e
dense_160	3	a0a5922854a2efe15df72d6dcf1f5740af2e
dense_160	4	b4f5902854e7efc05bc34f2ffb1e5458ee20
dense_160	5	a4a5912874e2eff15df36d29cb5f5758ae2e
dense_160	6	b095923855a3ff915ff72f6fdf0e5440ed2e
dense_160	7	a495902854e3efc15ff36d2dcb1f5758ee2e
dense_180	0	60ed8f3dd19f01738dddcb85cc9b6a5a1803
dense_180	1	6cbd0721201221d1cff969cbc8db665a9e8f
dense_180	2	7c8c023140133191cbe96bcfe89b635ade83
dense_180	3	6ced0d30e11f0143ded8fbd2c8db0e5e58a3
dense_180	4	6cad0421100320c19ff179dec4bbe254de2f
dense_180	5	7ced0630411711d2dec87bded89b025e9ea3
dense_180	6	7cad4e25b04b30609de9d990d0dbef5c18af
dense_180	7	70cdc32840d721e098c44bddf8ba0256dea3
dense_200	0	20b98bf885ab2e345da4ab7d8f9a77400b1b
dense_200	1	24b986e804e22ec55fb049338bdb7d58ae1f
dense_200	2	30c9c5f845f713c6ce8c7be497abfe5e8e31
dense_200	3	34998ee8b4ea3e745da0a93d9b9b7158281f
dense_200	4	30f987f845a71ec65f842b759f9b7f40cf13
dense_200	5	30a98de894ab3e745da4a97d9f9b7540291f
dense_200	6	34f985f845e71ec65f806b319bdb7e58ce13
dense_200	7	2499c0ec44b22ff50cb05967838bfd5eee3f
dense_220	0	2449d1ccc6be3e6508837a70a34bdf5e0e13
dense_220	1	249990e844e22fc55fb349278b9b5d58ee3f
dense_220	2	303995c886ab3f745db728659f1a5e400f3f
dense_220	3	30c993e854a72fc45b872b65bf9a5d40af33
dense_220	4	34b99becc4ea33649daba9ed9bbb5740093d
dense_220	5	249997e814e22fd55fb369258b9b5d58ee3f
dense_220	6	2049d2ccd6fe3e7508871a36a70bde460f13
dense_220	7	20b993e854a22fd55fb729658f9b5d40af3f
dense_240	0	2589883885eb6f186ee3af2f8b9a125e0a1b
dense_240	1	2189872d14a363f9bdfe0db58f9b7a5a8e3f
dense_240	2	21c98c3dc5ad436bbdde8fbd8f9b735a4833
dense_240	3	2189832c64a163f9a4ff0da18f5b165ece1f
dense_240	4	21e9cb29c4ef7309bbd6efffabba725228b3
dense_240	5	2189812d54a363f9bdfe0db58f9b7b5a8e3f
dense_240	6	2189883c85a96328acef8fad8f9a125e0a1b
dense_240	7	2189862d04a363d9bffe2db78f9b7a5a8e3f
dense_260	0	2189832d64a163f9b5fe0db18f5b775ace3f
dense_260	1	21a98a3c85ab6318aeefefaf8f9a125e4a1b
dense_260	2	2189c72904e363e9bdf60df58bbb7a528ebf
dense_260	3	25c98c39c5ed4f6b7dd28f3d8b9b735a4833
dense_260	4	2089802d44a162e98cfd0da58f9b1a5c8e3f
dense_260	5	30c9832c64a7628893cc2fb3bf5a76588e13
dense_260	6	21a98b3d95ab6338bdeecfbd8f9a735a4a3b
dense_260	7	2189c62814e163f9acf70de58bbb1a568e9f
dense_280	0	658181f944a2abf83de20c71db987a42ccb9
dense_280	1	71e180fd44e6a7c9f3de2ef3ef397342ccb5
dense_280	2	618181fc54e2a7e8ecef1ce0dfb81a46cc99
dense_280	3	75f1c4ed55f79a9b67d23e22c318f044ec97
dense_280	4	65a1cbfdc4feba786dc29e28f399f3444a9d
dense_280	5	75c186e855a69bdb2ad32e63cb981a468c91
dense_280	6	75f185e945a79bbb35d20e71cb187042ecb7
dense_280	7	65c184c957a68b5a3fd2af7bdb1973420cb5
dense_300	0	654185c8c7be8b7a0dd10f41db195a400c95
dense_300	1	71e184ec45f6978bcfdd2ec3cfb85a40cc95
dense_300	2	75f187e945b39bfb1cd00e51cb983944acb3
dense_300	3	758188f8d4babb590ff12c4bcb985a40ca99
dense_300	4	658181f844b2abf805e10c41db185240cc99
dense_300	5	75f180f954b7abd91ad02e53eb993944ecb7
dense_300	6	758189f8c4babb790df18c49cb9852404a99
dense_300	7	658180f854b2abd80fe12c43db985a40cc99
dense_320	0	758180d856aabb592ee3ad63cb191a46cc99
dense_320	1	750181d9c6aabb793de20d71cb197a424cb9
dense_320	2	65c188f8d4aebb182ac3ae6bfb9913460a95
dense_320	3	75c187e945a69bfb39d20e71cb987a428cb1
dense_320	4	61e184cc47e4873aecdf8fe9df3912464c95
dense_320	5	652182d9d6aebb583fd22f73fb187b424cbd
dense_320	6	71c185ec55e697ebecdf1ee0cfb81a468c95
dense_320	7	7591c8fdd4fbba596ff2bc2ac398f0446a9b
dense_340	0	65c54974c87dbe1479c38e39ff9d13498aa5
dense_340	1	65c54f64c96d8f5668c39e28df8c124f8a81
dense_340	2	75854974c879be5575f38c39cf1c1b49caa9
dense_340	3	61c54970d82db304a9cf8ea9fbbd134f8a85
dense_340	4	75d5476449649fd768d31e20cf8c184f2c83
dense_340	5	65a54b74c87dbe5475c30e39ff1d13494aad
dense_340	6	75e5456449659f976cd31e20cf8c1a4f4c85
dense_340	7	65c54d64c97d8e567dc38e39df9c13498aa5
dense_360	0	71854970d829b345acff9ca8cbac124fca89
dense_360	1	75d541744874ae9571d30e31ef1d11492ca7
dense_360	2	65c54f64c96d8f5668c31e28df8c1a4f0a81
dense_360	3	75a543744875aed575d30e31ef1d13494cad
dense_360	4	65e54d64c96d8f166dc38e29df9c134fca85
dense_360	5	61c54d60d92d8346accf9ea8dbac124f8a85
dense_360	6	659541744870aed475e30c31df1c11496cab
dense_360	7	65a54b74c86dbf546cc39e28ff8d124fca8d
dense_380	0	64c54974c87dbe1478c29e18ff8d324f8a84
dense_380	1	74854974c869bf556df28c09cf9c3349caa8
dense_380	2	648549648979ae157cf21e18df8d3a4f488c
dense_380	3	648541744861afd46de20c01df9c3b494ca8
dense_380	4	74854f748879be557cf29c18cf8c324fca88
dense_380	5	64c54d64c96d8f566dc28e09df9c33498aa4
dense_380	6	74854974c879be557cf21c18cf8c3a4f4a88
dense_380	7	74854974c869bf556df28c09cf9c3349caa8
dense_400	0	31854870c438764975b78879cf181909da28
dense_400	1	31854870c42877496cb79868cf88100fda08
dense_400	2	21e54870c43c764879879a78ff891009da24
dense_400	3	31854870c43876497db78879cf981109da28
dense_400	4	31854870c42877496cb79868cf88100fda08
dense_400	5	21c54c60c53c464a75878a79df1819099a24
dense_400	6	21a54a70c42c77486d878a69ff99110fda0c
dense_400	7	31854870c42877496cb79868cf88100fda08
dense_420	0	20c54e60c52c474a69868a49de1821099a20
dense_420	1	20e54c60c53c460a74869a58de88280fda04
dense_420	2	20a54a70c42c77486d868a49fe192109da2c
dense_420	3	20c54c60c53c464a7d868a59de18210f9a04
dense_420	4	30854870c438764974b69858ce88280fda08
dense_420	5	30854870c42877496db68849ce182109da28
dense_420	6	20e54870c43c764878869a58fe09200fda04
dense_420	7	30854870c42877496db68849ce182109da28
dense_440	0	70a14271403427c155951e70ae89000b4c0c
dense_440	1	70814871c03837415db58c798e18010bca08
dense_440	2	61e14c60c13c060275879e789e880809ca24
dense_440	3	60c14c61c13c07425d858e799e18010b8a04
dense_440	4	70814871c03837415db59c788e08000bca08
dense_440	5	70814871c038374155b58c798e98090bca08
dense_440	6	60614051c23c374059951f70be88080bcc04
dense_440	7	71814870c038364175b78c798e980909ca28
