g0long_100.0	0	20ad846d14c324c19f7579de00bbe20d5e3f
g0long_100.0	1	248dc36d64832cc11e71395a00cbe71d5e3f
g0long_100.0	2	20adcb79f5db21108f65abc308fa6f139a9f
g0long_100.0	3	24ad836854d72df15c70091d089b021f1e3b
g0long_100.0	4	308d816d54d525c0cf4d6bcf3c9a63035e9b
g0long_100.0	5	20ad8a7d95cb24009f65fbd600baea0dda3b
g0long_100.0	6	24adc46d04c328d15e71791f008be3055ebf
g0long_100.0	7	208d826d648320d1df75399a00fbe6157ebf
g0long_138.2	0	71bd8ae9d4ab3f507f268d7fdf937703892f
g0long_138.2	1	658d81e954e32fc17f326d35cb937c1b6e2f
g0long_138.2	2	609c9bf8c4bb2c307934af7dff9357038923
g0long_138.2	3	719d81e954a62fd07f062f75ff927d032f2b
g0long_138.2	4	61ad83e944a22fe17d362d75cf937f030f2f
g0long_138.2	5	64bd98f885fa2c007f20cf3bcbd2541baa2b
g0long_138.2	6	659dc7ed04b32ef12c327d65c383ff1d4e0f
g0long_138.2	7	65cd8bedc4ef3341bb1aaffdebb277038921
g0long_191.0	0	2cfd0eb4c52e4e431f108b3fcb9f75406993
g0long_191.0	1	20bd85a804a36ef15d342975cf9f7f408f1f
g0long_191.0	2	24ed8db8d5ef4e435f10eb39cbdf74586813
g0long_191.0	3	249dc0ac54b36fd10e305967c38fff5ece3f
g0long_191.0	4	3cfd02a444266e801b000b36fb9e7d40ef93
g0long_191.0	5	20ad8bb885aa6e205d24ab7dcf9e76400b1b
g0long_191.0	6	20bd87ac04a262d19f3c69b1cfff7f588e1d
g0long_191.0	7	24dd8cb8c5ee4e435f10cb3fcb9f75582813
g0long_263.9	0	24ad87e804e22ed55ff065390b5777188e0f
g0long_263.9	1	34dd85f855e61ed65fc0673d1b177518ae03
g0long_263.9	2	349d88e8e4eb3e645de0a5351b177b18080f
g0long_263.9	3	30ed83e854a72e845bc4277d3f167500ef03
g0long_263.9	4	24bd8afc95ea22349de887f60b367e000b09
g0long_263.9	5	24bd87e814e22ed55ff065390b577518ae0f
g0long_263.9	6	34cd85f845e61ed65fc0673d1b1777188e03
g0long_263.9	7	30bd8de894aa3e645de4a5751f177d00290f
g0long_364.7	0	21bd87ec14b323c58ffd65880f7754192e1d
g0long_364.7	1	24cd9df8c5ee0f675dd3e7250b175f198833
g0long_364.7	2	20bd94e804a22fc55ff7056f0f1755012f3f
g0long_364.7	3	31fd87f845b71ff64dc5274d1f1757014f13
g0long_364.7	4	34ad9fe894eb3f445fe3e5211b575d19a83f
g0long_364.7	5	35dd85f845f71ff64dc1670d1b1756190e13
g0long_364.7	6	349dd8ecf4ba3e440ee3b5751307d91fa81f
g0long_364.7	7	30ed93e844a62f945bc7276d3f1657014f33
g0long_504.0	0	61bd86ad14a263f5bdfe41bb0f7b775b0e3d
g0long_504.0	1	65dd8db9d5ee4f577fd2e3350b1b7d5ba833
g0long_504.0	2	61adc5ad04f26ed52ef6312c070bf6450f1f
g0long_504.0	3	61fd8fb9d5ae4f677dd6a3750f1b7d43e933
g0long_504.0	4	65bd81a944e36fc57ff261390b5b775b0e3f
g0long_504.0	5	75cd81a954e76fb479c2633d3b1a755b2e33
g0long_504.0	6	61bd8ab995ab6f147fe683770f1a7e438b3b
g0long_504.0	7	61bdc5ad14f26ed52ef6312d070bf5452f1f
g0long_696.4	0	75898fe990eb7f707de2e53d9b93755be82f
g0long_696.4	1	75d984f961e75fd27fc227359b937b5b4e23
g0long_696.4	2	61b983e950a26fd17ff625758f937d432f2f
g0long_696.4	3	61e98be9c0ae7f2179d6a77daf927743c923
g0long_696.4	4	75b980f901e27f817ff247339bd27c5b2c2b
g0long_696.4	5	7199cfe980fa7260eceef5ec97a3f75dc80d
g0long_696.4	6	71e987f951a75fc27fc627759f937d436f23
g0long_696.4	7	61b985e900a36ff17df625758f937e430f2f
g0long_962.4	0	359989a9d0ea3f507fe2e13d9b9f751a683f
g0long_962.4	1	31e983a940a62f907bc62375bf9e7f02cf33
g0long_962.4	2	21b98bb991aa2f207de6a37d8f9e75022b3b
g0long_962.4	3	25b9c7ad00b32ec12ef2716083cffe1c8e1f
g0long_962.4	4	35c985b951e71ff27dc263359b9f7d1aae33
g0long_962.4	5	35998fa9b0eb3f407fe2813f9b9f731a083f
g0long_962.4	6	31f987b951a61fd27fc623759f9f7d02ef33
g0long_962.4	7	31a98da980aa3f607de6a17d9f9f7602093f
g0long_1330.0	0	259dc7ad00b32ec12eb27d640383fe5cce1f
g0long_1330.0	1	31fd87b951a61fe27d862f751f937d42ef33
g0long_1330.0	2	31ad8da980aa3f507fa6ad7d1f937742093f
g0long_1330.0	3	35fd84b941e61ff27d824f331bd37d5aee33
g0long_1330.0	4	359d8fa980eb3f407fa2ed3d1b93765a483f
g0long_1330.0	5	35edc7b951b612d2ee8a3fa513a3fd44ef11
g0long_1330.0	6	21bd83a940a32ff17db62d750f937f428f3f
g0long_1330.0	7	25fd89a9d0ee3f117b92ef382bd2745a6833
g0long_1837.9	0	249d86a820e32ee15db02d3d0b1373590e1f
g0long_1837.9	1	20ed8eb8c1af0e535f948f770f137c41e913
g0long_1837.9	2	20bd85a800a32ec15fb42d7d0f1377410f1f
g0long_1837.9	3	34fd85b851e61ee25d806f391b5375596e13
g0long_1837.9	4	348d89a8c0ea3e505fa0ed351b137f59c81f
g0long_1837.9	5	30fdc3ac50f62fa008843f2c3702f4476f33
g0long_1837.9	6	20bd8bb881ab2e005fa4af750f127f418b1b
g0long_1837.9	7	20ad86ac00a222f19dbc4dbb0f7375592e1d
g0long_2539.8	0	61bd85e900a36fc17fb629740f9f7f030f2f
g0long_2539.8	1	61fd8ff9d1ae4f537f96ab7d0f9f7403e923
g0long_2539.8	2	65bd81e940e36ff17db269310bdf7f1b0e2f
g0long_2539.8	3	61cd89edd0ae7311bb9eebbd2fbe751ba821
g0long_2539.8	4	759d80f921e37fa17db22b351b9e7b1b0c2b
g0long_2539.8	5	61bd84e900a26fc17fb609770f9f7d032f2f
g0long_2539.8	6	61edcffdc1fe4e532e96bb2c078ff605c903
g0long_2539.8	7	65bd87e910e26fe17db269310bdf7d1b2e2f
g0long_3509.8	0	71b98ba9c4ab7f447fa6ad7d9f977702093f
g0long_3509.8	1	71f983a954a66fa479862f75bf967d02ef33
g0long_3509.8	2	75a981b905e27f957fb26f319bd67e1a8c3b
g0long_3509.8	3	7599cead84ba7e742ca2dd6f9387f51c681f
g0long_3509.8	4	71f987b945a75fc67f862f749f977f02cf33
g0long_3509.8	5	71a98da994ab7f447fa6ad7d9f977402293f
g0long_3509.8	6	75f985b945e75ff67d826f319bd77f1ace33
g0long_3509.8	7	619987ad14a363c5bfbe6db58fb77d1aee3d
g0long_4850.3	0	65b98bbd85ea6324bdaaaff58b367f038b39
g0long_4850.3	1	61b984a904a26fc57fb60d7f8f1775032f3f
g0long_4850.3	2	65e9cdbdc5be4e572e92ff608347fe1dc813
g0long_4850.3	3	659987a914e26fe57db26d3d8b17751b6e3f
g0long_4850.3	4	71f987b945a75fc67f862f7d9f1777034f33
g0long_4850.3	5	71a98da994ab7f747da6ad759f177d03a93f
g0long_4850.3	6	75f985b945e75fc67f826f399b57761b4e33
g0long_4850.3	7	7599c8adc4ba7e742ca2dd679307fd1de81f
g0long_6702.7	0	31f9c7fd45f71ec62e863b24978bfe44cf13
g0long_6702.7	1	25a987e914e32fc57fb269318bdb7d5aae3f
g0long_6702.7	2	25d98df9c5ef0f777d92eb3d8b9b775a0833
g0long_6702.7	3	259986e934e22fc57fb229358b9b795aae3f
g0long_6702.7	4	25e98ffdc5ef0377bd9aabfd8bbb76424931
g0long_6702.7	5	21b9c2ed44f22ec52eb61927878bfd44af1f
g0long_6702.7	6	35f981e944e72f847b826b30bbda7f5ace33
g0long_6702.7	7	258989f995eb2f347da2eb3d8b9a755a6a3b
g0long_9262.5	0	30f987f845a71ec65f842b7d9f1b77414f13
g0long_9262.5	1	30a98fec94aa32649dace9b19f7b7d59a81d
g0long_9262.5	2	34d985f845e71ec65f806b3d9b1b76590e13
g0long_9262.5	3	20b9c2ec44f22ff50cb4192f870bf5472f3f
g0long_9262.5	4	20e98be8c4ae3e155b94ab74af1a7f41c913
g0long_9262.5	5	34b981f815e23e955fb06b399b5a75592c1b
g0long_9262.5	6	34998fe884eb3e745da0e9359b1b7e59c81f
g0long_9262.5	7	34d984f875e61ec65f802b3d9b1b71596e13
g0long_12800.0	0	30e987f845a61ee65d842b7d9f1b76414f13
g0long_12800.0	1	34b9c8ecc4ba3f440ea0d963934bfd5fa83f
g0long_12800.0	2	34d981e844e72e845b806b3cbb1a77590e13
g0long_12800.0	3	20b98bf895aa2e245da4ab758f1a7d41ab1b
g0long_12800.0	4	20a985e804a22ed55fb4297d8f1b76410f1f
g0long_12800.0	5	30f985fc55a712f69d8c6bb99f7b75596e11
g0long_12800.0	6	34998fe884eb3e445fa0e9359b1b7f59c81f
g0long_12800.0	7	30e9c6fc45f71fe60c841b2f970bf4476f33
