dtmf_1	0	d08f00b08a00d00d00100400000108000400
dtmf_1	1	d08f00b08a00d00d00100400000108000400
dtmf_1	2	d08f00b08a00d00d00100400000108000400
dtmf_1	3	d08f00b08a00d00d00100400000108000400
dtmf_1	4	d08f00b08a00d00d00100400000108000400
dtmf_1	5	d08f00b08a00d00d00100400000108000400
dtmf_1	6	d08f00b08a00d00d00100400000108000400
dtmf_1	7	d08f00b08a00d00d00100400000108000400
dtmf_1	8	d08f00b08a00d00d00100400000108000400
dtmf_1	9	d08f00b08a00d00d00100400000108000400
dtmf_2	0	d08f00b08a00d00d00100408008100000410
dtmf_2	1	d08f00b08a00d00d00100408008100000410
dtmf_2	2	d08f00b08a00d00d00100408008100000410
dtmf_2	3	d08f00b08a00d00d00100408008100000410
dtmf_2	4	d08f00b08a00d00d00100408008100000410
dtmf_2	5	d08f00b08a00d00d00100408008100000410
dtmf_2	6	d08f00b08a00d00d00100408008100000410
dtmf_2	7	d08f00b08a00d00d00100408008100000410
dtmf_2	8	d08f00b08a00d00d00100408008100000410
dtmf_2	9	d08f00b08a00d00d00100408008100000410
dtmf_3	0	d08f00b08a00d00d00100408008100018400
dtmf_3	1	d08f00b08a00d00d00100408008100018400
dtmf_3	2	d08f00b08a00d00d00100408008100018400
dtmf_3	3	d08f00b08a00d00d00100408008100018400
dtmf_3	4	d08f00b08a00d00d00100408008100018400
dtmf_3	5	d08f00b08a00d00d00100408008100018400
dtmf_3	6	d08f00b08a00d00d00100408008100018400
dtmf_3	7	d08f00b08a00d00d00100408008100018400
dtmf_3	8	d08f00b08a00d00d00100408008100018400
dtmf_3	9	d08f00b08a00d00d00100408008100018400
dtmf_A	0	d08f00b08a00d00d00100400000108018410
dtmf_A	1	d08f00b08a00d00d00100400000108018410
dtmf_A	2	d08f00b08a00d00d00100400000108018410
dtmf_A	3	d08f00b08a00d00d00100400000108018410
dtmf_A	4	d08f00b08a00d00d00100400000108018410
dtmf_A	5	d08f00b08a00d00d00100400000108018410
dtmf_A	6	d08f00b08a00d00d00100400000108018410
dtmf_A	7	d08f00b08a00d00d00100400000108018410
dtmf_A	8	d08f00b08a00d00d00100400000108018410
dtmf_A	9	d08f00b08a00d00d00100400000108018410
dtmf_4	0	908f00b08a00900900500400400108400c00
dtmf_4	1	908f00b08a00900900500400400108400c00
dtmf_4	2	908f00b08a00900900500400400108400c00
dtmf_4	3	908f00b08a00900900500400400108400c00
dtmf_4	4	908f00b08a00900900500400400108400c00
dtmf_4	5	908f00b08a00900900500400400108400c00
dtmf_4	6	908f00b08a00900900500400400108400c00
dtmf_4	7	908f00b08a00900900500400400108400c00
dtmf_4	8	908f00b08a00900900500400400108400c00
dtmf_4	9	908f00b08a00900900500400400108400c00
dtmf_5	0	908f00b08a00900900500408408100400c10
dtmf_5	1	908f00b08a00900900500408408100400c10
dtmf_5	2	908f00b08a00900900500408408100400c10
dtmf_5	3	908f00b08a00900900500408408100400c10
dtmf_5	4	908f00b08a00900900500408408100400c10
dtmf_5	5	908f00b08a00900900500408408100400c10
dtmf_5	6	908f00b08a00900900500408408100400c10
dtmf_5	7	908f00b08a00900900500408408100400c10
dtmf_5	8	908f00b08a00900900500408408100400c10
dtmf_5	9	908f00b08a00900900500408408100400c10
dtmf_6	0	908f00b08a00900900500408408100418c00
dtmf_6	1	908f00b08a00900900500408408100418c00
dtmf_6	2	908f00b08a00900900500408408100418c00
dtmf_6	3	908f00b08a00900900500408408100418c00
dtmf_6	4	908f00b08a00900900500408408100418c00
dtmf_6	5	908f00b08a00900900500408408100418c00
dtmf_6	6	908f00b08a00900900500408408100418c00
dtmf_6	7	908f00b08a00900900500408408100418c00
dtmf_6	8	908f00b08a00900900500408408100418c00
dtmf_6	9	908f00b08a00900900500408408100418c00
dtmf_B	0	908f00b08a00900900500400400108418c10
dtmf_B	1	908f00b08a00900900500400400108418c10
dtmf_B	2	908f00b08a00900900500400400108418c10
dtmf_B	3	908f00b08a00900900500400400108418c10
dtmf_B	4	908f00b08a00900900500400400108418c10
dtmf_B	5	908f00b08a00900900500400400108418c10
dtmf_B	6	908f00b08a00900900500400400108418c10
dtmf_B	7	908f00b08a00900900500400400108418c10
dtmf_B	8	908f00b08a00900900500400400108418c10
dtmf_B	9	908f00b08a00900900500400400108418c10
dtmf_7	0	908f00b08e00d00d00500000400508c00400
dtmf_7	1	908f00b08e00d00d00500000400508c00400
dtmf_7	2	908f00b08e00d00d00500000400508c00400
dtmf_7	3	908f00b08e00d00d00500000400508c00400
dtmf_7	4	908f00b08e00d00d00500000400508c00400
dtmf_7	5	908f00b08e00d00d00500000400508c00400
dtmf_7	6	908f00b08e00d00d00500000400508c00400
dtmf_7	7	908f00b08e00d00d00500000400508c00400
dtmf_7	8	908f00b08e00d00d00500000400508c00400
dtmf_7	9	908f00b08e00d00d00500000400508c00400
dtmf_8	0	908f00b08e00d00d00500008408500c00410
dtmf_8	1	908f00b08e00d00d00500008408500c00410
dtmf_8	2	908f00b08e00d00d00500008408500c00410
dtmf_8	3	908f00b08e00d00d00500008408500c00410
dtmf_8	4	908f00b08e00d00d00500008408500c00410
dtmf_8	5	908f00b08e00d00d00500008408500c00410
dtmf_8	6	908f00b08e00d00d00500008408500c00410
dtmf_8	7	908f00b08e00d00d00500008408500c00410
dtmf_8	8	908f00b08e00d00d00500008408500c00410
dtmf_8	9	908f00b08e00d00d00500008408500c00410
dtmf_9	0	908f00b08e00d00d00500008408500c18400
dtmf_9	1	908f00b08e00d00d00500008408500c18400
dtmf_9	2	908f00b08e00d00d00500008408500c18400
dtmf_9	3	908f00b08e00d00d00500008408500c18400
dtmf_9	4	908f00b08e00d00d00500008408500c18400
dtmf_9	5	908f00b08e00d00d00500008408500c18400
dtmf_9	6	908f00b08e00d00d00500008408500c18400
dtmf_9	7	908f00b08e00d00d00500008408500c18400
dtmf_9	8	908f00b08e00d00d00500008408500c18400
dtmf_9	9	908f00b08e00d00d00500008408500c18400
dtmf_C	0	908f00b08e00d00d00500000400508c18410
dtmf_C	1	908f00b08e00d00d00500000400508c18410
dtmf_C	2	908f00b08e00d00d00500000400508c18410
dtmf_C	3	908f00b08e00d00d00500000400508c18410
dtmf_C	4	908f00b08e00d00d00500000400508c18410
dtmf_C	5	908f00b08e00d00d00500000400508c18410
dtmf_C	6	908f00b08e00d00d00500000400508c18410
dtmf_C	7	908f00b08e00d00d00500000400508c18410
dtmf_C	8	908f00b08e00d00d00500000400508c18410
dtmf_C	9	908f00b08e00d00d00500000400508c18410
dtmf_*	0	d08f00b08e00900900100000000508800c00
dtmf_*	1	d08f00b08e00900900100000000508800c00
dtmf_*	2	d08f00b08e00900900100000000508800c00
dtmf_*	3	d08f00b08e00900900100000000508800c00
dtmf_*	4	d08f00b08e00900900100000000508800c00
dtmf_*	5	d08f00b08e00900900100000000508800c00
dtmf_*	6	d08f00b08e00900900100000000508800c00
dtmf_*	7	d08f00b08e00900900100000000508800c00
dtmf_*	8	d08f00b08e00900900100000000508800c00
dtmf_*	9	d08f00b08e00900900100000000508800c00
dtmf_0	0	d08f00b08e00900900100008008500800c10
dtmf_0	1	d08f00b08e00900900100008008500800c10
dtmf_0	2	d08f00b08e00900900100008008500800c10
dtmf_0	3	d08f00b08e00900900100008008500800c10
dtmf_0	4	d08f00b08e00900900100008008500800c10
dtmf_0	5	d08f00b08e00900900100008008500800c10
dtmf_0	6	d08f00b08e00900900100008008500800c10
dtmf_0	7	d08f00b08e00900900100008008500800c10
dtmf_0	8	d08f00b08e00900900100008008500800c10
dtmf_0	9	d08f00b08e00900900100008008500800c10
dtmf_#	0	d08f00b08e00900900100008008500818c00
dtmf_#	1	d08f00b08e00900900100008008500818c00
dtmf_#	2	d08f00b08e00900900100008008500818c00
dtmf_#	3	d08f00b08e00900900100008008500818c00
dtmf_#	4	d08f00b08e00900900100008008500818c00
dtmf_#	5	d08f00b08e00900900100008008500818c00
dtmf_#	6	d08f00b08e00900900100008008500818c00
dtmf_#	7	d08f00b08e00900900100008008500818c00
dtmf_#	8	d08f00b08e00900900100008008500818c00
dtmf_#	9	d08f00b08e00900900100008008500818c00
dtmf_D	0	d08f00b08e00900900100000000508818c10
dtmf_D	1	d08f00b08e00900900100000000508818c10
dtmf_D	2	d08f00b08e00900900100000000508818c10
dtmf_D	3	d08f00b08e00900900100000000508818c10
dtmf_D	4	d08f00b08e00900900100000000508818c10
dtmf_D	5	d08f00b08e00900900100000000508818c10
dtmf_D	6	d08f00b08e00900900100000000508818c10
dtmf_D	7	d08f00b08e00900900100000000508818c10
dtmf_D	8	d08f00b08e00900900100000000508818c10
dtmf_D	9	d08f00b08e00900900100000000508818c10
