rmsnorm_60	0	f1bd82a958e66bcc35c6033dff92795abfab
rmsnorm_60	1	f19d86bd38fa66bceffe22e2df737a641e8d
rmsnorm_60	2	e18d80996bea6b0c3ff6823dcfd3715afdab
rmsnorm_60	3	f5dd85a919ae7b8d33c22277fbd377627ca7
rmsnorm_60	4	f5ad83b978aa6bbc3df20273db537c623ead
rmsnorm_60	5	e1bd81996aa27f0d77f6c371cf0277627f2b
rmsnorm_60	6	f5bd83b948aa6bac3ff22273db537d623eaf
rmsnorm_60	7	f1ad86ad39ee77cdf7ce02f5fff376621cad
rmsnorm_80	0	38fd006510966d804bc92f0ff8b6611abe85
rmsnorm_80	1	e4358159d7daad104ff16a0dc813651a2c0e
rmsnorm_80	2	2c9d0061401261c1cff92dcfc897631a9e8f
rmsnorm_80	3	f4b5807955d3bd814ff16b0dd892671aac0e
rmsnorm_80	4	2c8d0361601361c1c7f92dcbc8576f1ade8f
rmsnorm_80	5	e455874996debd9143c16a05e8136d1a2e02
rmsnorm_80	6	3ced0571611651d2c7c96fcbd8776e1ade81
rmsnorm_80	7	f415874996dabdf045f16807d8126f1a6e0e
rmsnorm_100	0	e0a190e868a2afcd5ff7096dcf5750013f3a
rmsnorm_100	1	f0b193f819aabfbd5df72b67df165f01bd3a
rmsnorm_100	2	f0819ce8b8abbf4c5fe78965df475c01b938
rmsnorm_100	3	f0b093f868abbfad5be72b67ef575f01bf36
rmsnorm_100	4	f0f194f849a69fce5fc70b6fdf5751017f36
rmsnorm_100	5	e08195e838a2afed5df7096dcf5756013f38
rmsnorm_100	6	f4d196fc59ee93de9fcb2be7db675f01df36
rmsnorm_100	7	f0a19fe8b8abbf7c5fe78965df575801b93a
rmsnorm_120	0	a0a188a9d09ebd554f95ab45acd26f03b91f
rmsnorm_120	1	a09181a9709bade54db509478c836803bf1d
rmsnorm_120	2	b4a0c2b950d3bd950bad2bcdacf365031f97
rmsnorm_120	3	b49183bd21d2b1b58fb90bcf98f265031d1d
rmsnorm_120	4	a0b186a9309aadd54fb529478cd36a03bf1b
rmsnorm_120	5	a0e18ba9c09ebd6549958b45acd26d03b917
rmsnorm_120	6	a09182a9609badd54fb529478cc36e03bf19
rmsnorm_120	7	a0a187a90092add54fb5094d8cd361033f1b
rmsnorm_140	0	a0e5961857a6cf535fc7ae65cf8e5e406f22
rmsnorm_140	1	a195c72914f3e2e1ecfeddeec73ffd5c4e0c
rmsnorm_140	2	b5e5843955e6dfd27fc26f39db5f765aee22
rmsnorm_140	3	a495972834e3efc15ff36d2fcb1f5558ee2e
rmsnorm_140	4	b1f5863955a7dff27dc62f7ddf0f7642ef22
rmsnorm_140	5	a5a5862914e2efd17ff24d3bcb5f755aae2c
rmsnorm_140	6	a5f5810936e7ff2179c2ee35eb9f7f5a6e26
rmsnorm_140	7	b185823955a2ff817ff6af7fdf1e7c426d2e
rmsnorm_160	0	b1c5832944a6efd07bc60f75fe1e74422f22
rmsnorm_160	1	a595812944e3efc17ff26d37ca1f775a6e2c
rmsnorm_160	2	b595803975e2ffb17df26f31da5e745a6c2e
rmsnorm_160	3	a1a5822954a2efd17ff62d75ce1f77422f2e
rmsnorm_160	4	b5b4803944e2ffb179e24f37ea0f755a6e22
rmsnorm_160	5	b585832964e7efc07fc26f31fa5e765a2e28
rmsnorm_160	6	a5b5832d54e3e3c1bffa2df7ca3f75420f2e
rmsnorm_160	7	b5b4803954e3ffb179e26f35ea1f765a6e22
rmsnorm_180	0	6cad0721201321c1cff969cbc8db665a9e8f
rmsnorm_180	1	6ccd0a21c01f3151cbd9ebc7e89a6b5a5883
rmsnorm_180	2	6cad4224505321c1def0799eccbb0256de2f
rmsnorm_180	3	7c8d4135614330819ff97b9ad0dae65cdcaf
rmsnorm_180	4	7cad0b20d01b3170dce8d9d4d89b0a5e58af
rmsnorm_180	5	708c803d608330b1d9e55b98e0fbe7549ea3
rmsnorm_180	6	6cad0420001321d1def869dfc89b025edeaf
rmsnorm_180	7	6cfd0e31c11e0143cfd9ebc7c89b6a5a1883
rmsnorm_200	0	20b9c5ec04f32fc50eb43925878bff468f3f
rmsnorm_200	1	24f98df8d5ee0e675d90eb398bdb75586813
rmsnorm_200	2	249987e804e32ec55fb069348b9b7e58ce1f
rmsnorm_200	3	30c984fc75a612f69d8c2bb59fbb7958ee11
rmsnorm_200	4	30b98ce894ab3e545fa4897f9f9b7740091f
rmsnorm_200	5	30f987f855a61ed65f842b759f9b7d40ef13
rmsnorm_200	6	34a989e8c4ea3e645da0e9399bdb7758081f
rmsnorm_200	7	34d981e854e62e945b806b35bb9a7c58ae13
rmsnorm_220	0	250981d9c7ea2f147fb26a398a5b7f5acc3f
rmsnorm_220	1	259981e854f22fe54db1690d8a9b5d586e1f
rmsnorm_220	2	21f98be8c4bf3f054b95ab45ae9a5740c913
rmsnorm_220	3	31a982f805b33fa54db50b4f9e9a5d402d1b
rmsnorm_220	4	313985c886bb3f444fb5284d9e1a5e408f1f
rmsnorm_220	5	2199c1e854e322f5dcbd79dc86abdd5e6e3d
rmsnorm_220	6	214983c8c6be3f554b852a4dae1b5f408f13
rmsnorm_220	7	21b985e914a22fe575b6297d8e1b75422f3f
rmsnorm_240	0	2489802944e16ee94cf10d2d8a9b1b5c0e3f
rmsnorm_240	1	20c9882cc4ad722999dc8fb5ae9a7258c813
rmsnorm_240	2	3089833d25a372898efd3faa9eda1e5c4c3b
rmsnorm_240	3	30a9cd2894fb7378ccecdde4968bf35ec83f
rmsnorm_240	4	30c9c53845e552fa95c40ffd9a3b72506e93
rmsnorm_240	5	3089882cc4a972689dec8db59e9b7258881f
rmsnorm_240	6	30c9802d44a762988acd2fafbe9a1b5c4e33
rmsnorm_240	7	30898a2cf4ab72689dec8db19edb7658c81f
rmsnorm_260	0	30a9823c05a372999ffc6fb79f9a7a58cc1b
rmsnorm_260	1	2089c62914e362e984f50de58b3b1354aebf
rmsnorm_260	2	20c98c3cc5ad426b9ddc8fbd8f9b72584813
rmsnorm_260	3	2089802c44a162e99dfc0db58f9b7a588e1f
rmsnorm_260	4	20c98b2de4af72098addafabafda175c0833
rmsnorm_260	5	20a9c32844e362e995f44df58b3b7250ce9f
rmsnorm_260	6	2489883885e96e285de08f3d8b9a72580a1b
rmsnorm_260	7	2089862d04a162e98cfd0da58f9b1b5c8e3f
rmsnorm_280	0	649180f954abaad80ee12c6bdb9810446cbb
rmsnorm_280	1	64e189f8c4aeba7819c08e79fb9972404a95
rmsnorm_280	2	648180f854a2aad817e02c73db187340cc99
rmsnorm_280	3	64f185c947a78a3a0cd19f68db1910446cb7
rmsnorm_280	4	74a1c2fc54f6abd94fd03e22e399fa46ccbd
rmsnorm_280	5	74c1c5ec45f69bfb45d01e20c318f3468cb5
rmsnorm_280	6	649180f954a3aad80ee12c63db981844ecbb
rmsnorm_280	7	74c185e845a69afb15d00e71cb1872408c95
rmsnorm_300	0	650183d886bebb780dd10f41fb185a400c99
rmsnorm_300	1	658186f914b2abd81ee02c53db983b44ccb9
rmsnorm_300	2	71c185ec55f697ebcddd0ec1cfb85a408c95
rmsnorm_300	3	718188fcc4fab749cffdaccbcfb852404a99
rmsnorm_300	4	75f185e945b79bbb14d00e51cb183144ecb7
rmsnorm_300	5	65e186c857b28b5a0fd1af4bdb1952400c91
rmsnorm_300	6	658181f844b2abf80de10c41db985a40cc99
rmsnorm_300	7	658180f954b2abd81ee02c53db983b44ccb9
rmsnorm_320	0	65c18ce8d5ae8b5a2ec3ae6bdb9813460a95
rmsnorm_320	1	758181d946aabb793de28d71cb197a42ccb9
rmsnorm_320	2	750180d8d6a8bb692ce30d61cb191a464c99
rmsnorm_320	3	65f188f9d4afbb583bc2ae7bfb9971426ab7
rmsnorm_320	4	658181f844a2abf82ce31c60db981a46cc99
rmsnorm_320	5	7581c0dd56f2ba596fe2bd2ac319f2444c99
rmsnorm_320	6	6541c1ddc6feba3869d21f20f318fb440c95
rmsnorm_320	7	75d186e855a79bdb2ad32e63cb981846ac93
rmsnorm_340	0	64c55974c86dbf1441c18e29fd1d3b4b8a85
rmsnorm_340	1	64c55f64c97d8e5658c19e38dd8c324d8aa1
rmsnorm_340	2	74a553744865afd54dd11e20ed8d3a4b4c8d
rmsnorm_340	3	60e55d60d92d830685cd0ea9d93c334b4a85
rmsnorm_340	4	74d5556449749ed75cd11e30cd8c384d2ca7
rmsnorm_340	5	74855974c869bf554df18c29cd9c334bca89
rmsnorm_340	6	74a553744875aed554d11e30ed0d324d4cad
rmsnorm_340	7	74855974c869bf554df19c28cd8c324bca89
rmsnorm_360	0	75a543744875aed575d30e31ef1d13494cad
rmsnorm_360	1	65f54d64c96c8f166dc38e29df9c114fea87
rmsnorm_360	2	65c54d64c96d8f566cc39e28df8c124f8a85
rmsnorm_360	3	658541744871aed475e30c31df1c13494ca9
rmsnorm_360	4	65a54b74c86dbf546cc31e28ff8d1a4f4a8d
rmsnorm_360	5	618541705831a2c4b5ef0cb1db3c13494ca9
rmsnorm_360	6	65d54974c86cbf1469c38e29ff9d114faa87
rmsnorm_360	7	65c54f64c96d8f5668c39e28df8c124f8a81
rmsnorm_380	0	648541744861afd46de20c01df9c3b494ca8
rmsnorm_380	1	64c54974c87dbe1478c29e18ff8d324f8a84
rmsnorm_380	2	74854974c869bf556df28c09cf9c3349caa8
rmsnorm_380	3	648549648979ae157cf21e18df8d3a4f488c
rmsnorm_380	4	648541744861afd46de20c01df9c3b494ca8
rmsnorm_380	5	74854f748879be557cf29c18cf8c324fca88
rmsnorm_380	6	64c54d64c96d8f566dc28e09df9c33498aa4
rmsnorm_380	7	74954974d878be457cf21c18cfac384f6a8a
rmsnorm_400	0	31854870c438764975b78879cf181909da28
rmsnorm_400	1	31854870c42877496db78869cf98110fda08
rmsnorm_400	2	21e54870c42c774868879a68ff89100fda04
rmsnorm_400	3	31854870c43876497db78879cf981109da28
rmsnorm_400	4	31854870c428774964b79868cf08180fda08
rmsnorm_400	5	21c54c60c53c464a7d879a78df8810099a24
rmsnorm_400	6	21a54a70c43c76487d878a79ff991109da2c
rmsnorm_400	7	31854870c42877496cb79868cf88100fda08
rmsnorm_420	0	20c54870c42c770869868a49fe1921099a24
rmsnorm_420	1	30854870c438764974b69858ce88280fda08
rmsnorm_420	2	20854860852867096db69a48de092009d82c
rmsnorm_420	3	30854870c42877496db68849ce182109da28
rmsnorm_420	4	30854870c43876497cb69858ce08200fda08
rmsnorm_420	5	20e54870c42c774861868a49fe992909da24
rmsnorm_420	6	30854870c43876497cb69858ce08200fda08
rmsnorm_420	7	30854870c42877496db69848ce082009da28
rmsnorm_440	0	70815871c038364155b68c618f98290b4a28
rmsnorm_440	1	70815871c03836415db69c608f08200b4a28
rmsnorm_440	2	60c15871c03c360059868e61bf19210b0a24
rmsnorm_440	3	71c14660413416c371971e788f8800098c20
rmsnorm_440	4	61e14c60c13c06027d878e719f1801094a24
rmsnorm_440	5	61c14c60c13c064275879e709f8808090a24
rmsnorm_440	6	60a15a71c03c36405d868e61bf19210b4a2c
rmsnorm_440	7	70015051c23836415da61d688f89280b4c28
