u4long_60	0	f1bd80b959e27b8d35f6033ddf92785afdaf
u4long_60	1	e18d809d7aeb772dfffea3fbcff273629ead
u4long_60	2	f19d80b969eb7b9d37f60335dfd2705a7dab
u4long_60	3	f5dd85a919ae7b8d3bc22277fb537f627ca7
u4long_60	4	e5ad83997aba7a3d2df2836acbd27564be8d
u4long_60	5	f1bd81b968a26f8c77f64279df837e62ff2b
u4long_60	6	f5ad87a909af7bfd3fc22273fb537d627cab
u4long_60	7	e1bdc2996aea7b0d77fa83fdcb727d62fe29
u4long_80	0	38fd477141165da209cd0f0dd8b76012be05
u4long_80	1	e4758149d6debd514bc16a0de813651a6e02
u4long_80	2	209d826d709261f18dfd0d89ccd7671ade0f
u4long_80	3	f4b5817955d2bd914ff16b0dd892651aac0e
u4long_80	4	2c8d416550126dd147fd2dcfcc37691a9e0f
u4long_80	5	e455874996debd9143c16a05e8136d1a2e02
u4long_80	6	3ccd477551165dd243cd2fcfdc37691ade07
u4long_80	7	e4558149d6debd9143c16a05e8136d1a2e02
u4long_100	0	f0c191e848a6afec59c70b6dff5650013f36
u4long_100	1	e09192e878a2afdd5ff7296fcf5757013f3a
u4long_100	2	f08192f829abbfbd5ff70b67df565c01bd3c
u4long_100	3	f0919ce888aabf5c5fe78965df475f01b93a
u4long_100	4	f09091f878abbfbd59e72b67ef575901bf36
u4long_100	5	f0c197f879a69fde5fc70b6ddf5756017f34
u4long_100	6	e49195ec08e3a3ed9ffb29efcb7757011f3a
u4long_100	7	f0e195f869af9fce5fc70b67df475801ff36
u4long_120	0	b0e183a9509fade449852b47bcc26f03bf17
u4long_120	1	b09188a9e09bbd544fa589459c936903b91f
u4long_120	2	a08184a9109bade54fb529478cd36e03bf19
u4long_120	3	b0b082b96093bd954ba50b4dacd365033f17
u4long_120	4	b0e185b961969dc64d852b4f9cc362037f17
u4long_120	5	b0b181a9409eadf44f850b47bcd26d03bf1d
u4long_120	6	b481caa9e0dbbd440fada9c59cf36d03b99b
u4long_120	7	b09181b9519bbdb54fb50b479cd26803fd1b
u4long_140	0	b4f5963c55e6d3e29dcb8feddb2f5c404f20
u4long_140	1	a595c62d14b3eec12ef27d6cc31ff75cee0e
u4long_140	2	b5e5843955e6dfc27fc26f3bdb5f745aee22
u4long_140	3	a495912864e2efe15df36d2dcb1f5758ee2c
u4long_140	4	b1c5822944a7efd07bc60f7fff0e7442af22
u4long_140	5	b5b5860916e3ff707df2ec31dbde7f5a2e2e
u4long_140	6	a595812974e3efc17ff2ed3fcb1f7d5a6e2e
u4long_140	7	b184823944a3ff917be62f7def1f7642af20
u4long_160	0	b1c5832954a7efd07bc60f75fe0e74422f20
u4long_160	1	a595812954e2eff175f26d37ca9f7f5a6e2e
u4long_160	2	b5b58e29b4eaffc077e2ed31da5f745aa82e
u4long_160	3	b184823954a2ffa179e62f75ee1f77422f22
u4long_160	4	b5d5843955e7dfc277c24f37da9f7d5a2e20
u4long_160	5	b1a58e0d36a2f350b7fe6cb1de6e765a0e2e
u4long_160	6	b1f5c63d55f7dee22cc63f26d61ff5446f02
u4long_160	7	a595862904e2efc17ff26d35ca1f765a6e2c
u4long_180	0	7ccd4225505721c0cbc16b8ffcba6252de03
u4long_180	1	6cad0121601321c1cff969cbc8db665a9e8f
u4long_180	2	6c8d0a31c11b2110cfe9ebc7c89a6b5a1a8f
u4long_180	3	6cad4325405321e1cdf1498dccbb6252de0f
u4long_180	4	708c803d709331a189ed4b89ecdb665a9e03
u4long_180	5	7cad0c21801b3150cfe9e9c7d89b6a5a588f
u4long_180	6	7ced4735415711c2cfc16b8fdcbb6252be03
u4long_180	7	6c8d4625105321c1cff1298fccbb63529e0f
u4long_200	0	34b9cfec84bb3f740ca0f96993cbf75e083f
u4long_200	1	34d985f855e61ed65f806b349b9b7d58ae13
u4long_200	2	30b98ae8d4ab3e545fa4897f9f9b7740091f
u4long_200	3	34e983ec54e622a499882bf5bbba7c40ef11
u4long_200	4	34b981f805e33e855fb06b319bda7f588c1b
u4long_200	5	34998fe894ea3e645da0e93d9b9b7558681f
u4long_200	6	30e9c7fc45f61fd60e843b25978bfe46cf33
u4long_200	7	30b9cdec94fa3f540ea4b92c978bf546293f
u4long_220	0	259989f885fb2f344da1eb058a9a5658ca1b
u4long_220	1	219986ed34a323d5b7be29bd8e3b715a2e3d
u4long_220	2	216983c8c6be3f2549852a4dae1b5f40cf13
u4long_220	3	3139c2cdc6fa3e442eb6182f960afc44af1f
u4long_220	4	3199c3fc45e33eb51cb53b1c968adf464d3f
u4long_220	5	35a989e8d4fb3f444fa1e9019adb5558a81f
u4long_220	6	35f981e844f72ff449816b0dba9a5e584e13
u4long_220	7	313983c8d6ba3f544fb5284d9e1a5d40af1f
u4long_240	0	2089893d95ab62388ced9fa48e9a125c8a3b
u4long_240	1	2089872c04b163f9ccf41dac82abfb562ebf
u4long_240	2	20c98f3ce5af424b9fdcafb38edb76588813
u4long_240	3	20a9832c54a362f99dfc4dbd8e9b7a584e1f
u4long_240	4	20c9882dc4ad722988dd8fa5ae9a135cc833
u4long_240	5	2089c02854e162f995f40dfd8a3b72500e9f
u4long_240	6	2489883885eb6e185fe0af378a9a72588a1b
u4long_240	7	2089842d34a362e98cfd0da98edb1f5c4e3f
u4long_260	0	30a9ca28d4eb72489fe4edff9bbb7250489f
u4long_260	1	34c9812854e76eb859c00f35bb9a7a58ce13
u4long_260	2	3089882dc4a972688ced8dad9f9b135c083f
u4long_260	3	3089803c05a172a99dfc0fb59f9a7a588c1b
u4long_260	4	2089852c24a362c997fc2db38f5b7658ce1f
u4long_260	5	20e9ce39d5ef426b8cd5cfed8bbb135428b3
u4long_260	6	2089802c44a162e99dfc0db58f9b7a588e1f
u4long_260	7	20c9882cc4ad722999dc8fbdaf9a72584813
u4long_280	0	74d185e845a79afb1dd00e71cb987940ac97
u4long_280	1	748182f914a6aad906d13e62eb1912448cb9
u4long_280	2	7481cffc84fabb794df09c28c398f2464ab9
u4long_280	3	74f1c4ec55f79b9b4fd03e22c398f946ecb7
u4long_280	4	74c185e945a69afb04d10e61cb1812448cb5
u4long_280	5	648182d816a6ba581fd0af7bfb1872400c99
u4long_280	6	649181f844a3aaf81de00c71db987940ec9b
u4long_280	7	74c180f954a6aa9902d12e63eb1912448cb5
u4long_300	0	659181f944b3abf81ce00c51db983844ecbb
u4long_300	1	658180f854b2abd807e12c43db185240cc99
u4long_300	2	65c18de8c5be8b7a0dc18e49db9853400a95
u4long_300	3	65a182d956b6bb581ed0af5bfb1832444cbd
u4long_300	4	71e185ec55f697abcddd0ec1cfb85a40cc95
u4long_300	5	75d186e855b79bdb0bd12e43cb985940ac93
u4long_300	6	75c181f944b6abb910d00e51eb1932448cb5
u4long_300	7	65e18ee8d5be8b1a0bc1ae4bdb9852404a91
u4long_320	0	758188f8d4aabb592ef3ac6bcb9812464a99
u4long_320	1	75f185e945a79bbb3dd20e71cb987842ecb7
u4long_320	2	65c184c857a48b6a2cd38f69db1913460c95
u4long_320	3	652182d9d6aebb583fd22f73fb187a424cbd
u4long_320	4	658181f844a2abf82ce30c61db981a46cc99
u4long_320	5	65c18ce9d5ae8b5a3fc2ae7bdb9873420ab5
u4long_320	6	718181dc56eab769ecef9de0cf391a46cc99
u4long_320	7	6531c2ddd6ffba586fd23f22f318f8446c9f
u4long_340	0	648551744861afd44de10c21dd9c3b4b4c89
u4long_340	1	74855974c879be555df18c39cd9c334dcaa9
u4long_340	2	70c551705835a28590dd1eb0e92d324d0ca5
u4long_340	3	64d55f64c96c8f5649c18e29dd9c314baa83
u4long_340	4	64a55b74c87dbe545cc19e38fd8d324dcaad
u4long_340	5	74855974c869bf5545f18c29cd1c3b4bca89
u4long_340	6	64c55974c87dbe1458c19e38fd8d324d8aa5
u4long_340	7	70c55760592593c789dd1ea0c9ac3a4b0c81
u4long_360	0	65a54b74c87dbe5475c38e39ff1d1b49caad
u4long_360	1	71854970d829b345acff9ca8cbac124fca89
u4long_360	2	75d541744874ae9579d31e30ef8d18492ca7
u4long_360	3	65c54f64c97d8e5671c38e39df1c1b498aa1
u4long_360	4	75854974c869bf556cf39c28cf8c124fca89
u4long_360	5	75c541744875ae9571d30e31ef1d13490ca5
u4long_360	6	61c54f60d92d8346a8cf9ea8dbac124f8a81
u4long_360	7	65b54b74c87cbe547dc39e38ff8d1049eaaf
u4long_380	0	648549648969af156df20e09df9d3b4948ac
u4long_380	1	648541744871aed47ce21c10df8c3a4f4c88
u4long_380	2	74854f748869bf556df28c09cf9c3349caa8
u4long_380	3	64c54d64c97d8e567cc29e18df8c324f8a84
u4long_380	4	74854974c869bf556df20c09cf9c3b494aa8
u4long_380	5	648541744871aed47ce21c10df8c3a4f4c88
u4long_380	6	64c54974c86dbf1469c28e09ff9d33498aa4
u4long_380	7	74854974c879be557cf29c18cf8c324fca88
u4long_400	0	21a54a70c43c764875878a79ff191909da2c
u4long_400	1	21c54c60c52c474a6d878a69df98110f9a04
u4long_400	2	31854870c42877496cb79868cf88100fda08
u4long_400	3	31854870c43876497db78879cf981109da28
u4long_400	4	21e54870c42c774868879a68ff89100fda04
u4long_400	5	31854870c438764975b79878cf081809da28
u4long_400	6	31854870c43876497db78879cf981109da28
u4long_400	7	21a54a70c42c77486c879a68ff89100fda0c
u4long_420	0	20854a70842c774865868a49fe9929099a28
u4long_420	1	30854e70843876497db68859ce18210fda08
u4long_420	2	20c54c60c53c464a7c869a58de08200f9a04
u4long_420	3	30854870c428774965b68849ce982909da28
u4long_420	4	20e54c60c53c460a7c869a58de08200fda04
u4long_420	5	20c54c60c52c474a6d868a49de1821099a24
u4long_420	6	20a54a70c43c76487d868a59fe19210fda0c
u4long_420	7	30854870c438764974b69858ce88280fda08
u4long_440	0	60c14871c03c370051858e71bf99090b0a04
u4long_440	1	60414641c33c074259951f789f89080b0c00
u4long_440	2	60e14c61c13c07025d858e719f18010b4a04
u4long_440	3	60c14c61c13c074255859e709f88080b0a04
u4long_440	4	60a14a71c03c37405d858e71bf19010b4a0c
u4long_440	5	70014051c23837415da51d788f89080b4c08
u4long_440	6	70e144614134178355950e798f98010bcc04
u4long_440	7	60c14c61c13c07425d859e709f08000b0a04
