u6long_600_500	0	31499ec496c30b062f8b4abb8be87578e903
u6long_600_500	1	3579dfc8c6020716af8feab98be87f700905
u6long_600_500	2	31799cc0a6820b86678f4a348be87968a805
u6long_600_500	3	3579dcc8d6020756ab8f6ab98ba87770e905
u6long_600_500	4	3149dec096c30716af8fcabb8fe87e784981
u6long_600_500	5	3549dec896030786a78f6ab08bf87f70e901
u6long_600_500	6	3569dfc0d6820716af8bcafd8be87f604881
u6long_600_500	7	35699fcc86030b162f8b6ab98fa87570e987
u6long_600_500	8	3159dec0d6ca07c6a78f4aba8fe877784985
u6long_600_500	9	31599fc896030b066f8bea798be87c786981
u6long_600_500	10	3179dec086c30706af8f4ab98fa87778e985
u6long_600_500	11	3509d9d8870337c4a78f6ab0abe97f70c909
u6long_600_500	12	3169dfc086c30716af8fcabb8fa87f786985
u6long_600_500	13	3569dfc8c6030706af8f6ab98bf877708905
u6long_600_500	14	31499fc496c20b86278b4ab08be87c78e903
u6long_600_500	15	3179dec8e6420746ab8beafd8fe87b680805
u6long_600_500	16	35799ec086c30b166f8b4a7b8fa87570e905
u6long_600_500	17	3559dec896020796a78feab08be877706901
u6long_600_500	18	3169dfc0d6c20716af8f4ab98fe877788985
u6long_600_500	19	3149dec896430706af8b6afd8fe87668a805
