u6conv_280	0	6581c6fd14f2aad86fe23c22d398fa44cc99
u6conv_280	1	75c1c5ed45f69afb65d21e20c318f3448c95
u6conv_280	2	65f18ce8d5af8b1a2ec32e6bdb981846ea97
u6conv_280	3	75e185e945aa9bfb39d20e79cb9872420cb5
u6conv_280	4	758188f9d4aabb5937f2ac7bcb187b424ab9
u6conv_280	5	75d181f844a7abb928d30e61eb991846ac97
u6conv_280	6	75c186e955a69bdb3bd22e73cb987a428cb1
u6conv_280	7	75c181f944a6abb931d20e71eb1973428cb5
u6conv_280	8	65f18ee8d5af8b1a2ac3be6adb9810466a93
u6conv_280	9	75e1c7ed45f29afb6dd21e20c398fa448c91
u6conv_280	10	6581c0fd54f2aad867e23c22d318f344cc99
u6conv_280	11	65d181d846a7bb3828d38f69fb1810462c97
u6conv_280	12	75c186e955a69bdb3bd22e73cb987a428cb1
u6conv_280	13	75e185e945a69bbb35d20e71cb187342ccb5
u6conv_280	14	75e186e855a29bdb2ed32e63cb981a468c91
u6conv_280	15	718189fdd4eab769fdfe8cf9cfb872424ab9
u6conv_280	16	618180fd44e2a7c8f7ee2cf3df387342ccb9
u6conv_280	17	75f181f844a7abf928d31e60eb991846ec97
u6conv_280	18	6581c0fd54f2aad867e23c22d318f244cc99
u6conv_280	19	65e1cdedc5fe8a3a6dc21e28d398fb44ca95
u6conv_300	0	65f18de9c5bf8b3a1cc08e59db9830446ab7
u6conv_300	1	758182f814b6abd907d12e43eb1952408c99
u6conv_300	2	758187d806b2bb790de18d49cb1953404c99
u6conv_300	3	75d184e955b79bdb1ed02e53cb983844acb7
u6conv_300	4	75e185e845b69bbb0dd10e41cb985a40cc95
u6conv_300	5	65e18ce8d5ba8b5a0bc1ae4bdb9853400a95
u6conv_300	6	658181f944b2abf814e00c51db183244ccb9
u6conv_300	7	61c188fcc4feb708cbcdaecbffb952400a95
u6conv_300	8	65d187c847bf8b7a09d18f41db195940ac93
u6conv_300	9	654180d9d6bebb181ad02f53fb183a440cb5
u6conv_300	10	75c187e845b69bfb09d10e41cb985a408c91
u6conv_300	11	75d186e855b39b9b07d12e43cb185140ec93
u6conv_300	12	758189f9c4babb791cf08c59cb9832444ab9
u6conv_300	13	75e180f854b6abd90bd12e43eb995a40cc95
u6conv_300	14	758189f8c4babb790df18c49cb9853404a99
u6conv_300	15	618180fd44faa7c8deec2cdbdfb832444cb9
u6conv_300	16	65d18de8c5bf8b7a0dc10e49db985840aa97
u6conv_300	17	75a182f854b6abd907d12e43eb195340cc9d
u6conv_300	18	65e18de9c5be8b3a1cc08e59db9832444ab5
u6conv_300	19	75d186e855b79bdb0bd12e43cb985840ac93
u6conv_320	0	61c18cecc5ec877aeccf8ee9dfb812460a95
u6conv_320	1	659180f954a3abd83fe22c73db987942ecbb
u6conv_320	2	65e185c847a68b3a2cd39f68db1912464c95
u6conv_320	3	6541c4cdd7fe8a5a6fd23f22d319fa440c95
u6conv_320	4	75a1c3fd44f6aaf96dd21e20e399fb44cc9d
u6conv_320	5	758188f8d4aabb592ef3ac6bcb9812464a99
u6conv_320	6	65d185c947af8b7a3dd28f71db197842acb7
u6conv_320	7	750180d8d6a8bb692ce30d61cb191b464c99
u6conv_320	8	758188f9d4aabb593ff2ac7bcb9872424ab9
u6conv_320	9	75c181f844a6abb928d30e61eb991a468c95
u6conv_320	10	65d186c957a78b5a3bd2af7bdb1971422cb3
u6conv_320	11	650183d886aebb782cd31f60fb181a460c99
u6conv_320	12	6581c6fd14f2aad86fe23c22d398fa44cc99
u6conv_320	13	65c1cdedc5fe8a7a6dc29e28d398f3440a95
u6conv_320	14	758180d856a8bb692ce38d61cb191a46cc99
u6conv_320	15	655180d9d6afbb183bd22f73fb1878422cb7
u6conv_320	16	65c18fe8c5ae8b7a28c38e69db9813460a91
u6conv_320	17	75e184e955a69b9b3fd22e73cb987a42ccb5
u6conv_320	18	658183d806a6bb782cd38f69fb1812460c99
u6conv_320	19	751186d996a9bb693de20d71cb1979426cbb
u6conv_340	0	64d55974c87cbe1459c18e39fd9d314daaa7
u6conv_340	1	64c55f64c97d8e5650c19e38dd0c3a4d8aa1
u6conv_340	2	64a55b74c86dbf544dc18e29fd9d334bca8d
u6conv_340	3	648551744871aed45ce11c30dd8c3a4d4ca9
u6conv_340	4	60c55970d82db30481cd0ea9f93d334b0a85
u6conv_340	5	74d5576449749ed759d10e31cd9c394d2ca3
u6conv_340	6	74855974c879be555cf19c38cd8c324dcaa9
u6conv_340	7	74c551744865af9541d10e21ed1d334b0c85
u6conv_340	8	64c55f64c97d8e5658c19e38dd8c324d8aa1
u6conv_340	9	60a55b70d82db3448dcd8ea9f9bd334bca8d
u6conv_340	10	64f55d64c97c8e1655c18e39dd1c394deaa7
u6conv_340	11	64c55d64c97d8e565cc19e38dd8c324d8aa5
u6conv_340	12	648551744861afd44de10c21dd9c3b4b4c89
u6conv_340	13	64a55b74c87dbe5454c11e38fd0d324d4aad
u6conv_340	14	608551705821a3c48ded0ca1d9bc3b4b4c89
u6conv_340	15	64d55974c87cbe1459c18e39fd9d314daaa7
u6conv_340	16	74c5576449759ed750d11e30cd0c324d0ca1
u6conv_340	17	74855974c869bf554df18c29cd9c334bca89
u6conv_340	18	64c55974c87dbe1458c19e38fd8d324d8aa5
u6conv_340	19	60c55f60d92d834681cd8ea9d93c3b4b8a81
u6conv_360	0	65c54974c87dbe1479c38e39ff9d13498aa5
u6conv_360	1	61c54f60d92d8346a0cf9ea8db2c1a4f8a81
u6conv_360	2	65b54b74c87cbe547dc38e39ff9d1149eaaf
u6conv_360	3	75e5456449659f976dd30e21cf9c1b4f4c85
u6conv_360	4	65c54d64c96d8f5664c31e28df0c124f0a85
u6conv_360	5	658541744871aed47de30c31df9c1b494ca9
u6conv_360	6	61a54b70d82db344a4cf9ea8fb2d1a4fca8d
u6conv_360	7	75954974c878be557df38c39cf9c1149eaab
u6conv_360	8	75c541744865af9568d31e20ef8d1a4f0c85
u6conv_360	9	65c54f64c97d8e5671c39e38df0c1a498aa1
u6conv_360	10	75954974c878be557df38c39cf9c1149eaab
u6conv_360	11	75c541744865af9560d31e20ef0d124f0c85
u6conv_360	12	65c54f64c97d8e5679c30e39df9c1b490aa1
u6conv_360	13	75a543744865afd564d31e20ef0d124f4c8d
u6conv_360	14	61e54d60d93d8206bdcf9eb8dbac1249caa5
u6conv_360	15	65d54d64c97c8e567dc38e39df9c1149aaa7
u6conv_360	16	658541744861afd464e31c20df0c124f4c89
u6conv_360	17	65a54b74c87dbe547dc38e39ff9d1349caad
u6conv_360	18	75954974c868bf556cf39c28cf8c104fea8b
u6conv_360	19	75c541744875ae9571d30e31ef1d13490ca5
u6conv_380	0	741547549a68bf456de20d01cf3d3949ecaa
u6conv_380	1	64c54d64c97d8e567cc29e18df8c324f8a84
u6conv_380	2	74854974c869bf556df28c09cf9c3349caa8
u6conv_380	3	74854974c879be557cf29c18cf8c324fca88
u6conv_380	4	64c54974c86dbf1469c20e09ff9d3b490aa4
u6conv_380	5	648541744871aed47ce21c10df8c3a4f4c88
u6conv_380	6	648549648969af156df28e09df9d3349c8ac
u6conv_380	7	74854974c879be557cf29c18cf8c324fca88
u6conv_380	8	74854f748869bf556df20c09cf9c3b494aa8
u6conv_380	9	74c5456449759ed77cd21e10cf8c3a4f0c84
u6conv_380	10	74854974c869bf556df28c09cf9c3349caa8
u6conv_380	11	74854974c879be557cf29c18cf8c324fca88
u6conv_380	12	64c54974c86dbf1469c20e09ff9d3b490aa4
u6conv_380	13	648541744871aed47ce21c10df8c3a4f4c88
u6conv_380	14	648549648969af156df28e09df9d3349c8ac
u6conv_380	15	74854974c879be557cf29c18cf8c324fca88
u6conv_380	16	74854f748869bf556df20c09cf9c3b494aa8
u6conv_380	17	64c54d64c97d8e567cc29e18df8c324f8a84
u6conv_380	18	74954974d868bf456df28c09cfbc3149eaaa
u6conv_380	19	74854974c879be557cf29c18cf8c324fca88
u6conv_400	0	31854870c43876497db78879cf981109da28
u6conv_400	1	21e54870c42c774860879a68ff09180fda04
u6conv_400	2	31854870c43876497db78879cf981109da28
u6conv_400	3	31854870c42877496cb79868cf88100fda08
u6conv_400	4	21c54c60c53c464a7d879a78df8810099a24
u6conv_400	5	21a54a70c43c76487d878a79ff991109da2c
u6conv_400	6	31854870c428774964b79868cf08180fda08
u6conv_400	7	31854870c43876497db78879cf981109da28
u6conv_400	8	21e54870c42c774869878a69ff99110fda04
u6conv_400	9	31854870c42877496cb79868cf88100fda08
u6conv_400	10	31854870c438764975b78879cf181909da28
u6conv_400	11	21c54c60c52c474a6c879a68df88100f9a04
u6conv_400	12	21a54a70c43c76487d879a78ff891009da2c
u6conv_400	13	31854870c43876497db78879cf981109da28
u6conv_400	14	31854870c42877496cb79868cf88100fda08
u6conv_400	15	21e54870c43c764871878a79ff191909da24
u6conv_400	16	31854870c42877496cb79868cf88100fda08
u6conv_400	17	31854870c43876497db79878cf881009da28
u6conv_400	18	21c54c60c53c464a7d878a79df9811099a24
u6conv_400	19	21a54a70c42c77486c879a68ff89100fda0c
u6conv_420	0	20a54a70c42c774865868a49fe992909da2c
u6conv_420	1	20c54c60c53c464a7c869a58de08200f9a04
u6conv_420	2	30854870c42877496db69848ce082009da28
u6conv_420	3	30854870c428774965b68849ce982909da28
u6conv_420	4	20c54870c43c760878869a58fe09200f9a04
u6conv_420	5	20c54e60c52c474a69868a49de1821099a20
u6conv_420	6	20e54c60c53c460a7c869a58de08200fda04
u6conv_420	7	20a54a70c42c774865869a48fe892809da2c
u6conv_420	8	20c54c60c52c474a6d868a49de1821099a24
u6conv_420	9	30854870c43876497cb69858ce08200fda08
u6conv_420	10	30854870c42877496db68849ce182109da28
u6conv_420	11	20e54870c43c764870869a58fe89280fda04
u6conv_420	12	30854870c42877496db69848ce082009da28
u6conv_420	13	30854870c42877496db68849ce182109da28
u6conv_420	14	20c54c60c53c464a7c869a58de08200f9a04
u6conv_420	15	30854870c428774965b68849ce982909da28
u6conv_420	16	20a54a70c43c76487c869a58fe09200fda0c
u6conv_420	17	30854870c42877496db69848ce082009da28
u6conv_420	18	20c54c60c52c474a65868a49de9829099a24
u6conv_420	19	30854870c43876497cb69858ce08200fda08
u6conv_440	0	60c15c61c13c06425d868e619f18210b0a24
u6conv_440	1	70815871c038364155b69c608f88280b4a28
u6conv_440	2	70015051c23836415da60d698f99290b4c28
u6conv_440	3	61c14870c03c360071879e70bf8908090a24
u6conv_440	4	61c14e60c13c064279878e719f1801090a20
u6conv_440	5	61e14c60c13c06027d879e709f0800094a24
u6conv_440	6	70c15461413416c355960e698f98210b8c24
u6conv_440	7	60a15a71c03c36405d869e60bf09200b4a2c
u6conv_440	8	70815871c038364155b68c618f98290b4a28
u6conv_440	9	61e14c60c13c06027d879e709f0800094a24
u6conv_440	10	61414440c33c06427d970f799f9909090c24
u6conv_440	11	71814870c038364175b79c708f8808094a28
u6conv_440	12	70815871c03836415db68c698e18210bca28
u6conv_440	13	60e14871c03c374059859e70bf09000b4a04
u6conv_440	14	60814071403027c055a50c799f98010bcc08
u6conv_440	15	70814871c03837415db59c708f08000b4a08
u6conv_440	16	60c14c61c13c074255858e719f98090b0a04
u6conv_440	17	70814871c03837415db59c708f08000b4a08
u6conv_440	18	70014051c23837415da50d798f99090b4c08
u6conv_440	19	60c14871c03c370051859e70bf89080b0a04
u6conv_500	0	78e8c65914cf0867daddbe9a4c40664d3ab9
u6conv_500	1	7cc8c659f78300761ae5cfd158e06e453b39
u6conv_500	2	98170b493a1a616148b589c204a06703cf10
u6conv_500	3	78e8c65914c70867daddbe924c406e4dbab9
u6conv_500	4	7ce8c759e7c308365ae1cf505ce06e4d5bb9
u6conv_500	5	88760b49bb16616048958bca04206f038d10
u6conv_500	6	7849c749b7c71877d2cd3f924c81664d3abd
u6conv_500	7	7ce8c759f7c308b650e1ef5b5ce0644d7bb9
u6conv_500	8	88d603493b1e61a040958bc204206f034d10
u6conv_500	9	78c8c75934c70877daddbe924c006e4dbabd
u6conv_500	10	7ce8c659f782002618e5efd358e06e457b39
u6conv_500	11	98170b49ba12616148b589ca04206f03cf10
u6conv_500	12	78e8c65914c70867daddbe924c406e4dbab9
u6conv_500	13	7cc8c759e7c308765ae1cf505ce06e4d1bb9
u6conv_500	14	88560b493b1e612048958bc204a06703cd10
u6conv_500	15	78c8c45914cf0867daddbe9a4c40624d3ab9
u6conv_500	16	7ce8c759578a003618e5efdb586066457b39
u6conv_500	17	98170b49ba12616148b589ca04206f03cf10
u6conv_500	18	78e8c65914c70867daddbe924c406e4dbab9
u6conv_500	19	7cc8c759e7c308765ae1cf515ce06e4d1bb9
u6conv_600	0	3049dfc196c20696878d4ab18fe87f7ac9a1
u6conv_600	1	34698fcdc6030b160f8aeaa18ee85d72a987
u6conv_600	2	3559cec096820686a7884ae68be85f6088a5
u6conv_600	3	31598fc9d6130b067f8b6a6989a85578a981
u6conv_600	4	3179dec086c30746af8fcab18ee87e78a981
u6conv_600	5	3449dfc9860b0686878d6ab88be877724921
u6conv_600	6	3029c9d187c337548f8e4aa3aeb9577a698d
u6conv_600	7	3549cfc886030606af8ceaa98be85f704921
u6conv_600	8	31498fc5d6d20b86378b4aa089a85d78a903
u6conv_600	9	3559dfc886020716af8feab18ae87e70c901
u6conv_600	10	34799cc1c6c30a164b894a7b8fe87572a921
u6conv_600	11	3059cdc9b64207c6878a6aec8ee85b6a6805
u6conv_600	12	3169cfc096c20616af8ccaa98fa85f7849a5
u6conv_600	13	3569cec9d6130706bf8f6aa989e85770a905
u6conv_600	14	3149dec096c30796a78f4aba8ef87e784981
u6conv_600	15	30699fcdc6430a160f8deafd8be87d6a68a3
u6conv_600	16	3059cfc196c307468f8e4aa18ea8577a0985
u6conv_600	17	31598fc896030a8667886a608be85d78e9a1
u6conv_600	18	3119c9d187da3744bf8fcaa3ade95778e989
u6conv_600	19	3569dfc886030706af8f6ab18aa876704905
u6conv_700	0	696118d8c65e844bcfc42debdab8624b8889
u6conv_700	1	69411cd8965a845bcfc43deada98624b888d
u6conv_700	2	6d411bd0c69a847bcdc41de8de986243880d
u6conv_700	3	697118d8c65f844bcfc43deadab8604ba88b
u6conv_700	4	69511cd8865b844bcfc42debdab8604ba88f
u6conv_700	5	6d411bd0d69a846bcdc41de8deb86243880d
u6conv_700	6	69611ed8965e845bcfc43deada98624b8889
u6conv_700	7	69411ad8d65a845bcfc43deada98624b888d
u6conv_700	8	69511ad8c65b844bcfc42debdab8604ba88f
u6conv_700	9	6d511dd0969b846bcdc41de8deb86043a80f
u6conv_700	10	696118d8c65e844bcfc43deadab8624b8889
u6conv_700	11	69411cd8965a845bcfc43deada98624b888d
u6conv_700	12	6d411bd0c69a847bcdc40de9de986243880d
u6conv_700	13	697118d8c65f844bcfc43deadab8604ba88b
u6conv_700	14	69511cd8865b844bcfc43deadab8604ba88f
u6conv_700	15	69411ad8c65a844bcfc43deadab8624b888d
u6conv_700	16	6d611fd0869e847bcdc40de9de9862438809
u6conv_700	17	69411ad8d65a845bcfc43deada98624b888d
u6conv_700	18	69511ad8c65b844bcfc43deadab8604ba88f
u6conv_700	19	6d511dd0969b846bcdc41de8deb86043a80f
u6conv_800	0	881e524d6eff9d37028566dcb43e8e5cfe05
u6conv_800	1	9cb7834c6293d9779e880757d41a0637283c
u6conv_800	2	889e5a696caf98b71391f7ccb03f0652f825
u6conv_800	3	98368358f193c967da989697d07b023fa83c
u6conv_800	4	881e524d6eff9d370285e6dcb43e865c7e05
u6conv_800	5	9c36825ce198c9779e98a65fd41b0e37283c
u6conv_800	6	881e5a69eca798b71391e7c4b03f06527825
u6conv_800	7	98978948729bd9e7d288179fd07a0e3fa83c
u6conv_800	8	889e5a6d6cff9db70295e7dcb43f865cf805
u6conv_800	9	9c16815ce193c9779e988657d41b0237a83c
u6conv_800	10	889e5a696caf98b71391e7ccb03f0652f825
u6conv_800	11	d8948958f29399e3d2d8169780fa067fa43c
u6conv_800	12	88be586d6cfb9db70295e7dcb43f865cf801
u6conv_800	13	9c36835ce19bc9779298865fd4db0237283c
u6conv_800	14	881e52496eaf98371b81e6ccb0be0e527e25
u6conv_800	15	98368258f190c967d698b697d0bb0e3fa83c
u6conv_800	16	987e524d6efb8d35069567dc943f8e5cfc09
u6conv_800	17	9c36815ce19bc9779e98865fd45b0a372838
u6conv_800	18	881e52496ea798371381f6c4b03e0e52fe25
u6conv_800	19	98368158f19bc967da98969fd03b0e3f2838
u6conv_900	0	7cbcc61000db0d11dff03b5bc86b8e7e5d25
u6conv_900	1	ac84c87c749fe5f69998fa5fb8808b773736
u6conv_900	2	7cacc11050da0d31ddf01b59c86b8c7e7d27
u6conv_900	3	ac84c97c74dee9f61194fa1fb800837f1734
u6conv_900	4	7cbcc01040db0d11dff03b5bc86b8e7e5d25
u6conv_900	5	ac84c87c749fe5f69998fa5fb8808b773736
u6conv_900	6	7cacc11050da0d31ddf01b59c86b8c7e7d27
u6conv_900	7	ac84c97c74dee9f61994fa1fb8808b7f1734
u6conv_900	8	7cbcc01040db0d11dff03b5bc86b8e7e5d25
u6conv_900	9	ac85c86c779ff5f691887b5fb8018b77b736
u6conv_900	10	5c2ec900d0da1db1d5e01b59c86a847e7f27
u6conv_900	11	ac85c96c77def9f611847b1fb8018b7f9734
u6conv_900	12	7cbcc01040db0d11dff03b5bc86b8e7e5d25
u6conv_900	13	ac84c97c74dee9f61994fa1fb8808b7f1734
u6conv_900	14	7cacc71000db0d21ddf01b59c86b8e7e5d27
u6conv_900	15	aca4c87c349fe5f69198fa5fb80083777732
u6conv_900	16	7cbcc71000da0da1d5f01b51c86b847e7d25
u6conv_900	17	a884887c649ee9e6519cfa9fb800817f17b6
u6conv_900	18	7cbcc01050da0d01dff03b5bc86b8c7e7d25
u6conv_900	19	a884887c649ee9e6599cfa9fb880897f17b6
u6conv_1000	0	1ccf4628059e45951690269fe4a3895fb8af
u6conv_1000	1	1c1f4608549e45d41ab0a69ef4b2825fdeab
u6conv_1000	2	2cdd8614075f41045680a7d6f02381573aaf
u6conv_1000	3	1c9e4738459e55f410b0069df4b28a5fd8ab
u6conv_1000	4	0cae4418c79045e518b08794e4a3815f78af
u6conv_1000	5	2cdd4618179e45141680a796f433825f1aaf
u6conv_1000	6	1c9e4638459f55441ab02697f4a2815ff8ab
u6conv_1000	7	2cbc4508479a557510a08794e432825f5aaf
u6conv_1000	8	2ccd4618079c452414808794f423815f3aaf
u6conv_1000	9	1c9e4638559c55e410b0069df4b28a5fd8ab
u6conv_1000	10	1c3f4408449b45c41ab0a69ef4a2815ffeaf
u6conv_1000	11	2cdd4618179645141680a79ef4338a5f9aaf
u6conv_1000	12	1c8e8634455e51d452b026dff0a28957f8ab
u6conv_1000	13	1c5e4718049e55b51c90869ce4b3825f9eaf
u6conv_1000	14	2c9c4608479d557510a08794e422815f7aab
u6conv_1000	15	1cbe4438559a55d412b0269ff4b28a5fd8af
u6conv_1000	16	1c4e4618049e55951e90a69ee4a3815fbeaf
u6conv_1000	17	2c9c4708479e557510a08794e432825f5aab
u6conv_1000	18	1cbe44384599557418b00695f4a2815ff8af
u6conv_1000	19	2cdd4618179645141680a79ef4338a5f9aaf
